{"cameraMode":{"drawMode":0,"name":"Shaded","section":"Shading Mode"},"sceneLighting":false,"audioPlay":false,"sceneViewState":{"showFog":true,"showMaterialUpdate":false,"showSkybox":false,"showFlares":true,"showImageEffects":true,"showParticleSystems":true},"in2DMode":false,"pivot":{"x":1.0991315841674805,"y":0.1414477825164795,"z":2.1177358627319338},"rotation":{"x":0.09987699240446091,"y":-0.4034094512462616,"z":0.044350773096084598,"w":0.9084703326225281},"size":16.079673767089845,"orthographic":false}