{"cameraMode":{"drawMode":0,"name":"Shaded","section":"Shading Mode"},"sceneLighting":true,"audioPlay":false,"sceneViewState":{"showFog":true,"showMaterialUpdate":false,"showSkybox":true,"showFlares":true,"showImageEffects":true,"showParticleSystems":true},"in2DMode":false,"pivot":{"x":-16.12274169921875,"y":-7.826190948486328,"z":60.46391296386719},"rotation":{"x":-0.03412418067455292,"y":0.6569016575813294,"z":-0.02978443168103695,"w":-0.7526145577430725},"size":139.1620330810547,"orthographic":false}