{"cameraMode":{"drawMode":0,"name":"Shaded","section":"Shading Mode"},"sceneLighting":true,"audioPlay":false,"sceneViewState":{"showFog":true,"showMaterialUpdate":false,"showSkybox":true,"showFlares":true,"showImageEffects":true,"showParticleSystems":true,"showVisualEffectGraphs":true,"m_FxEnabled":true},"in2DMode":false,"pivot":{"x":4.793243885040283,"y":2.488149642944336,"z":35.74879455566406},"rotation":{"x":-0.05127441883087158,"y":-0.024864086881279947,"z":0.0012936292914673687,"w":-0.9984248876571655},"size":5.140995025634766,"orthographic":false}