{"cameraMode":{"drawMode":0,"name":"Shaded","section":"Shading Mode"},"sceneLighting":false,"audioPlay":false,"sceneViewState":{"showFog":true,"showMaterialUpdate":false,"showSkybox":false,"showFlares":true,"showImageEffects":true,"showParticleSystems":true},"in2DMode":false,"pivot":{"x":13.01025390625,"y":2.29400634765625,"z":0.072265625},"rotation":{"x":-0.0003690809535328299,"y":0.9996090531349182,"z":0.016185421496629716,"w":0.022795919328927995},"size":13.698748588562012,"orthographic":true}